hostname,ip,os,ram_gb,departamento,estado
srv-oZot-0000,118.227.86.77,Debian 11,4,Desarrollo,Mantenimiento
srv-tYlT-0001,103.202.219.95,Ubuntu 22.04,2,RRHH,Activo
srv-nCoc-0002,193.158.72.59,CentOS 8,32,RRHH,Activo
srv-mPvy-0003,214.62.136.250,Windows Server 2022,8,RRHH,Degradado
srv-KDth-0004,169.86.141.135,Ubuntu 22.04,2,Seguridad,Degradado
srv-aIlq-0005,202.17.115.113,Ubuntu 20.04,16,Marketing,Mantenimiento
srv-uyrn-0006,58.150.152.142,Ubuntu 20.04,16,Logística,Activo
srv-ijqz-0007,32.35.212.121,CentOS 8,64,RRHH,Mantenimiento
srv-fsjH-0008,29.20.175.195,CentOS 7,64,Desarrollo,Mantenimiento
srv-dBgy-0009,162.153.68.58,Ubuntu 20.04,4,Logística,Degradado
srv-yinJ-0010,103.215.89.214,Ubuntu 22.04,32,Seguridad,Activo
srv-LItp-0011,135.21.107.13,CentOS 7,2,RRHH,Mantenimiento
srv-kFYl-0012,84.32.32.211,Windows Server 2019,2,Seguridad,Activo
srv-llkm-0013,49.220.200.28,Ubuntu 22.04,8,Marketing,Degradado
srv-JfHX-0014,108.42.85.140,CentOS 8,32,Operaciones,Degradado
srv-kfkk-0015,164.235.69.228,Ubuntu 20.04,64,Marketing,Activo
srv-BLxL-0016,147.218.99.102,Debian 11,8,Operaciones,Activo
srv-huSL-0017,93.186.164.100,CentOS 7,16,Operaciones,Activo
srv-vcpr-0018,170.24.76.9,Windows Server 2019,16,Desarrollo,Activo
srv-LndQ-0019,198.108.48.107,CentOS 7,64,Marketing,Degradado
srv-ZwSJ-0020,186.220.165.230,Windows Server 2019,16,IT,Degradado
srv-uKQK-0021,134.38.58.241,Ubuntu 20.04,32,Operaciones,Mantenimiento
srv-JiaO-0022,62.222.94.191,Windows Server 2019,32,Finanzas,Mantenimiento
srv-RhIb-0023,85.237.127.203,Ubuntu 22.04,16,Marketing,Mantenimiento
srv-Bfee-0024,8.149.237.178,Ubuntu 22.04,2,Marketing,Activo
srv-HyTX-0025,169.142.239.64,Ubuntu 20.04,32,Operaciones,Mantenimiento
srv-xIHM-0026,34.255.190.26,CentOS 8,4,Finanzas,Mantenimiento
srv-tziH-0027,183.215.93.197,Ubuntu 20.04,4,Finanzas,Degradado
srv-JHfU-0028,182.88.182.161,CentOS 8,32,Marketing,Mantenimiento
srv-XJAw-0029,185.221.170.73,Debian 11,64,Desarrollo,Mantenimiento
srv-Ovbe-0030,17.188.112.30,CentOS 8,64,Operaciones,Mantenimiento
srv-obpx-0031,87.163.20.191,CentOS 8,16,Operaciones,Degradado
srv-Skhi-0032,81.194.109.184,CentOS 8,4,Finanzas,Degradado
srv-TsAe-0033,104.206.192.76,Windows Server 2022,8,IT,Mantenimiento
srv-VlTH-0034,103.4.178.234,Windows Server 2022,16,Finanzas,Activo
srv-ibZw-0035,222.179.228.37,CentOS 8,32,Logística,Degradado
srv-yBLA-0036,7.248.62.120,Windows Server 2022,8,IT,Degradado
srv-UXKo-0037,109.201.200.15,CentOS 8,4,Logística,Mantenimiento
srv-eUYn-0038,163.139.142.154,CentOS 8,16,Desarrollo,Activo
srv-HqzJ-0039,64.3.97.190,Windows Server 2022,4,Logística,Activo
srv-jaDj-0040,161.138.182.0,Ubuntu 22.04,64,Marketing,Mantenimiento
srv-naGi-0041,99.38.221.115,CentOS 8,4,Desarrollo,Mantenimiento
srv-RPgp-0042,27.23.0.83,Ubuntu 22.04,32,Marketing,Mantenimiento
srv-bOXG-0043,187.151.2.42,Windows Server 2019,2,Logística,Activo
srv-RQRd-0044,209.211.193.10,CentOS 7,2,IT,Mantenimiento
srv-KCdk-0045,70.23.110.184,CentOS 8,2,Seguridad,Degradado
srv-LMjU-0046,76.36.26.236,CentOS 7,4,IT,Degradado
srv-EASW-0047,74.43.12.202,Ubuntu 22.04,64,Marketing,Degradado
srv-eOAY-0048,176.140.54.228,Windows Server 2022,8,Seguridad,Mantenimiento
srv-guAw-0049,27.203.118.152,CentOS 7,8,Marketing,Degradado
srv-fvkx-0050,75.254.185.176,CentOS 8,8,Seguridad,Mantenimiento
srv-YpUk-0051,6.172.42.194,Windows Server 2022,8,Operaciones,Degradado
srv-uhae-0052,123.21.220.96,Ubuntu 22.04,8,IT,Activo
srv-nJDM-0053,49.201.161.151,Windows Server 2019,32,RRHH,Degradado
srv-RsTC-0054,2.59.4.37,Ubuntu 20.04,64,Desarrollo,Mantenimiento
srv-SzVG-0055,3.209.51.2,CentOS 7,2,Marketing,Degradado
srv-DWee-0056,42.48.30.2,Windows Server 2019,32,Operaciones,Mantenimiento
srv-lDve-0057,130.71.79.120,CentOS 7,32,Operaciones,Mantenimiento
srv-YKQp-0058,33.148.165.25,Debian 11,8,Marketing,Activo
srv-RRSM-0059,11.41.188.202,Debian 11,32,Finanzas,Degradado
srv-LYgf-0060,191.35.190.231,Ubuntu 20.04,8,Operaciones,Mantenimiento
srv-TqKE-0061,98.129.203.179,CentOS 8,4,Marketing,Mantenimiento
srv-OWrd-0062,105.209.128.1,Windows Server 2019,4,Logística,Activo
srv-cIYt-0063,99.109.159.127,CentOS 8,2,Finanzas,Activo
srv-LxIk-0064,161.196.44.255,Windows Server 2019,4,Finanzas,Mantenimiento
srv-rXDs-0065,222.175.63.164,Windows Server 2019,16,Finanzas,Mantenimiento
srv-IVwF-0066,103.37.148.196,Windows Server 2022,4,Operaciones,Mantenimiento
srv-wfko-0067,57.183.53.105,Debian 11,16,Logística,Degradado
srv-KzjB-0068,72.198.66.77,Windows Server 2022,16,Desarrollo,Mantenimiento
srv-NOhY-0069,164.56.195.201,Windows Server 2019,8,Operaciones,Degradado
srv-dXmx-0070,81.49.216.66,CentOS 7,32,RRHH,Activo
srv-Mfks-0071,145.136.55.58,CentOS 8,8,IT,Degradado
srv-Viqr-0072,152.213.236.45,Windows Server 2022,2,IT,Mantenimiento
srv-CVTB-0073,47.93.233.5,CentOS 7,8,IT,Activo
srv-CPAL-0074,18.121.192.179,CentOS 8,16,RRHH,Mantenimiento
srv-xrVG-0075,196.101.50.28,Windows Server 2022,64,RRHH,Degradado
srv-nIcO-0076,155.194.113.9,Debian 11,2,IT,Mantenimiento
srv-NsKR-0077,67.179.11.81,Windows Server 2019,16,Logística,Activo
srv-VwxN-0078,85.149.65.134,Ubuntu 20.04,4,Desarrollo,Degradado
srv-jsKf-0079,163.33.251.134,CentOS 8,64,Desarrollo,Activo
srv-ZBCJ-0080,13.207.69.94,CentOS 8,16,Operaciones,Mantenimiento
srv-geDJ-0081,218.86.235.21,Ubuntu 22.04,2,Marketing,Activo
srv-oyuc-0082,7.124.96.243,CentOS 8,16,Marketing,Degradado
srv-Yqkx-0083,103.229.62.10,Ubuntu 22.04,2,RRHH,Activo
srv-RFdM-0084,162.184.128.5,Windows Server 2022,8,Operaciones,Activo
srv-pPXI-0085,66.219.193.201,Debian 11,16,Logística,Mantenimiento
srv-BNHW-0086,92.163.145.70,CentOS 8,16,IT,Degradado
srv-fALK-0087,85.223.213.139,CentOS 8,32,RRHH,Activo
srv-XRZt-0088,168.243.116.249,Windows Server 2022,2,RRHH,Activo
srv-cyKu-0089,23.146.117.196,Ubuntu 20.04,2,Logística,Activo
srv-bqBM-0090,175.82.21.80,Windows Server 2019,16,Operaciones,Mantenimiento
srv-veMF-0091,87.164.59.29,Ubuntu 20.04,64,Seguridad,Mantenimiento
srv-gIeo-0092,40.108.56.4,Ubuntu 20.04,64,IT,Degradado
srv-yIXb-0093,19.237.70.156,Windows Server 2019,2,RRHH,Degradado
srv-Jyys-0094,115.59.56.98,CentOS 8,2,Finanzas,Mantenimiento
srv-tEmc-0095,125.44.22.77,Debian 11,64,Finanzas,Activo
srv-BAGi-0096,203.102.87.70,CentOS 8,2,Operaciones,Mantenimiento
srv-Grwv-0097,177.217.117.104,CentOS 7,64,Marketing,Mantenimiento
srv-EaYQ-0098,52.122.102.136,Windows Server 2022,64,Marketing,Mantenimiento
srv-IUWf-0099,157.236.37.22,Windows Server 2019,4,Operaciones,Activo
srv-tfMn-0100,78.206.243.9,Windows Server 2022,8,IT,Degradado
srv-Glpm-0101,67.234.192.157,Debian 11,32,Operaciones,Activo
srv-gWQf-0102,178.57.207.35,CentOS 8,64,Operaciones,Degradado
srv-sTcr-0103,106.185.14.104,Windows Server 2019,32,Operaciones,Degradado
srv-xipm-0104,82.108.16.26,CentOS 8,32,IT,Degradado
srv-cCjs-0105,128.88.188.231,Ubuntu 20.04,32,Operaciones,Mantenimiento
srv-FZdv-0106,77.247.229.116,CentOS 7,2,Logística,Mantenimiento
srv-ktJq-0107,165.68.29.123,Debian 11,16,Finanzas,Degradado
srv-wQwo-0108,180.95.51.33,Ubuntu 22.04,8,Finanzas,Mantenimiento
srv-XCey-0109,100.220.182.45,CentOS 7,8,Logística,Degradado
srv-FvEI-0110,117.221.36.173,Windows Server 2022,2,Desarrollo,Mantenimiento
srv-jXCA-0111,90.79.216.44,Windows Server 2022,64,Logística,Degradado
srv-RYec-0112,3.204.14.176,Debian 11,8,Operaciones,Mantenimiento
srv-cgqX-0113,60.14.135.37,CentOS 7,32,Seguridad,Degradado
srv-rfxS-0114,13.254.22.17,CentOS 8,2,RRHH,Mantenimiento
srv-kBrK-0115,152.127.195.34,Ubuntu 20.04,4,Desarrollo,Degradado
srv-iSCg-0116,38.195.240.133,Windows Server 2019,4,Marketing,Mantenimiento
srv-qYEF-0117,82.236.70.18,CentOS 8,64,Desarrollo,Activo
srv-SQDj-0118,166.229.100.210,Windows Server 2019,16,IT,Activo
srv-BuUQ-0119,133.255.253.219,CentOS 8,4,Desarrollo,Activo
srv-hWrd-0120,27.138.91.117,Windows Server 2019,64,RRHH,Activo
srv-dzyx-0121,110.24.152.80,Windows Server 2019,2,RRHH,Degradado
srv-hjXa-0122,175.124.30.128,Ubuntu 22.04,8,Operaciones,Degradado
srv-RADD-0123,204.66.176.109,Ubuntu 22.04,16,Logística,Mantenimiento
srv-PKQL-0124,27.232.173.126,Windows Server 2022,32,Seguridad,Degradado
srv-GrQU-0125,206.94.92.88,Windows Server 2022,64,Logística,Mantenimiento
srv-Ccfb-0126,179.196.26.30,CentOS 8,64,Seguridad,Degradado
srv-hqeh-0127,22.222.209.14,Debian 11,2,Logística,Mantenimiento
srv-PZFU-0128,21.154.36.238,Debian 11,2,Marketing,Activo
srv-yEVF-0129,155.114.189.215,Ubuntu 22.04,16,Desarrollo,Mantenimiento
srv-KrEn-0130,152.204.187.3,CentOS 7,8,Operaciones,Degradado
srv-YxsC-0131,221.237.57.250,CentOS 8,64,Seguridad,Activo
srv-Enkf-0132,189.99.66.205,CentOS 8,8,RRHH,Degradado
srv-JAnB-0133,67.226.186.239,Ubuntu 22.04,64,Desarrollo,Degradado
srv-KiMF-0134,178.30.33.15,Ubuntu 20.04,64,Seguridad,Mantenimiento
srv-XiEg-0135,22.54.242.153,CentOS 8,64,RRHH,Mantenimiento
srv-IudO-0136,189.83.161.219,Windows Server 2019,64,Seguridad,Degradado
srv-gqNZ-0137,137.232.244.91,CentOS 7,16,Seguridad,Activo
srv-cvDZ-0138,84.44.150.87,Ubuntu 20.04,16,Desarrollo,Activo
srv-UWTb-0139,211.49.45.103,Windows Server 2022,8,Seguridad,Degradado
srv-wtSp-0140,206.152.188.165,Debian 11,8,Seguridad,Degradado
srv-rYpM-0141,70.126.218.236,Windows Server 2019,8,Marketing,Degradado
srv-dyXX-0142,7.241.158.0,CentOS 8,8,RRHH,Degradado
srv-IxpH-0143,144.0.122.125,CentOS 7,64,Operaciones,Mantenimiento
srv-zbwR-0144,108.59.7.61,Windows Server 2019,2,Finanzas,Degradado
srv-MFoY-0145,19.137.207.63,Debian 11,32,Logística,Degradado
srv-txlI-0146,218.240.217.10,Windows Server 2022,16,RRHH,Degradado
srv-ZBUk-0147,198.119.52.243,CentOS 8,2,Seguridad,Degradado
srv-UIQK-0148,158.114.226.87,Ubuntu 20.04,32,Desarrollo,Degradado
srv-TcoE-0149,211.27.60.179,CentOS 7,32,Logística,Mantenimiento
srv-oIiZ-0150,221.77.81.127,CentOS 8,16,RRHH,Mantenimiento
srv-uhmM-0151,162.184.76.180,Windows Server 2019,8,Desarrollo,Activo
srv-pIzR-0152,1.215.41.57,Windows Server 2019,2,Seguridad,Mantenimiento
srv-SmlE-0153,41.84.89.103,Windows Server 2022,2,Desarrollo,Degradado
srv-UTgZ-0154,85.237.91.181,CentOS 7,32,Marketing,Degradado
srv-sthQ-0155,152.2.141.80,Debian 11,16,Seguridad,Mantenimiento
srv-CnNP-0156,211.48.47.81,Windows Server 2022,32,Finanzas,Mantenimiento
srv-QMgd-0157,5.155.154.11,Ubuntu 20.04,16,Logística,Activo
srv-pFPR-0158,3.62.46.59,Ubuntu 22.04,64,RRHH,Activo
srv-rpbx-0159,213.137.184.157,Windows Server 2022,4,Marketing,Degradado
srv-eGUt-0160,44.68.94.201,Ubuntu 20.04,4,RRHH,Activo
srv-KSFE-0161,93.197.142.192,CentOS 7,2,Marketing,Mantenimiento
srv-FaZS-0162,103.143.214.5,Windows Server 2019,4,IT,Activo
srv-IHaE-0163,109.184.146.87,Ubuntu 20.04,32,Logística,Degradado
srv-Zyyv-0164,87.212.116.58,Ubuntu 20.04,8,Logística,Mantenimiento
srv-FUDD-0165,147.118.22.212,CentOS 8,8,Operaciones,Mantenimiento
srv-CYjM-0166,24.173.41.81,Windows Server 2019,4,Desarrollo,Degradado
srv-LqRi-0167,43.120.160.208,Ubuntu 22.04,4,Operaciones,Mantenimiento
srv-VwwI-0168,80.148.82.57,Windows Server 2022,64,Marketing,Degradado
srv-VxTS-0169,50.10.242.18,Debian 11,4,Operaciones,Mantenimiento
srv-WZsU-0170,64.63.21.182,Ubuntu 22.04,16,Seguridad,Mantenimiento
srv-Lczw-0171,65.234.80.99,CentOS 8,8,IT,Mantenimiento
srv-xTCm-0172,188.146.1.182,Debian 11,4,Operaciones,Mantenimiento
srv-HTFd-0173,137.250.159.54,Windows Server 2022,16,Seguridad,Activo
srv-EWRO-0174,204.79.90.1,Ubuntu 22.04,4,Finanzas,Degradado
srv-USCP-0175,156.114.231.47,Windows Server 2022,16,IT,Mantenimiento
srv-gGQO-0176,178.121.239.202,CentOS 8,64,Marketing,Mantenimiento
srv-FDsi-0177,116.42.243.216,CentOS 7,16,IT,Activo
srv-AVoX-0178,55.218.242.141,Windows Server 2019,4,IT,Mantenimiento
srv-DCBe-0179,173.43.147.51,CentOS 8,2,Logística,Activo
srv-bboI-0180,74.75.12.67,Windows Server 2019,16,Operaciones,Mantenimiento
srv-zgcF-0181,68.236.155.66,Ubuntu 22.04,8,Seguridad,Activo
srv-NrZC-0182,27.106.250.10,CentOS 7,16,Finanzas,Degradado
srv-buiC-0183,194.166.221.151,Ubuntu 20.04,64,Operaciones,Mantenimiento
srv-nNHi-0184,143.223.129.152,CentOS 8,2,Logística,Mantenimiento
srv-lHgY-0185,165.245.165.96,Windows Server 2019,16,Logística,Degradado
srv-WwpJ-0186,94.10.30.73,Debian 11,16,Desarrollo,Degradado
srv-jIfX-0187,59.238.203.106,Windows Server 2022,2,Seguridad,Degradado
srv-OjBl-0188,82.29.70.18,Windows Server 2022,8,Logística,Activo
srv-AUzD-0189,44.118.88.196,Windows Server 2019,4,Finanzas,Activo
srv-eJGq-0190,148.12.3.158,Debian 11,2,IT,Degradado
srv-elZn-0191,200.160.255.11,Windows Server 2019,8,Operaciones,Activo
srv-wNLr-0192,12.85.141.73,CentOS 7,64,Marketing,Mantenimiento
srv-DKun-0193,214.174.24.41,Debian 11,2,Finanzas,Mantenimiento
srv-luZh-0194,158.199.102.78,Windows Server 2019,8,IT,Mantenimiento
srv-Yiuv-0195,120.11.179.65,Ubuntu 22.04,16,Desarrollo,Degradado
srv-qXUZ-0196,62.12.230.129,Debian 11,32,Marketing,Mantenimiento
srv-RPrh-0197,57.1.236.177,Ubuntu 22.04,2,Logística,Activo
srv-fypU-0198,24.252.196.95,CentOS 7,8,RRHH,Activo
srv-nDnL-0199,192.213.131.228,Windows Server 2019,4,IT,Degradado
srv-nreP-0200,39.139.219.203,Windows Server 2022,8,Logística,Degradado
srv-XmWJ-0201,19.47.11.74,Windows Server 2022,8,Finanzas,Mantenimiento
srv-nhDw-0202,205.87.212.20,CentOS 8,16,RRHH,Activo
srv-ojLZ-0203,59.71.236.231,Ubuntu 20.04,16,Operaciones,Mantenimiento
srv-FOwm-0204,2.113.99.127,CentOS 8,64,RRHH,Activo
srv-XZdw-0205,86.160.233.97,Debian 11,16,Finanzas,Mantenimiento
srv-AjDG-0206,187.229.185.131,Debian 11,2,Seguridad,Mantenimiento
srv-sqfE-0207,18.191.239.184,Ubuntu 20.04,4,Finanzas,Degradado
srv-Hbng-0208,113.56.126.221,Windows Server 2022,32,Finanzas,Mantenimiento
srv-oYIN-0209,24.81.40.202,CentOS 8,32,Desarrollo,Mantenimiento
srv-vCxk-0210,125.113.81.114,Ubuntu 20.04,2,Operaciones,Mantenimiento
srv-ugrc-0211,107.203.50.99,Ubuntu 20.04,16,Operaciones,Degradado
srv-YiUh-0212,145.1.138.105,CentOS 8,4,Logística,Mantenimiento
srv-OUSM-0213,199.27.37.218,Ubuntu 22.04,16,Operaciones,Mantenimiento
srv-DbIQ-0214,138.209.48.24,CentOS 8,8,Operaciones,Activo
srv-kvnt-0215,210.79.175.245,Windows Server 2022,64,Desarrollo,Activo
srv-ojIq-0216,30.136.162.189,CentOS 7,16,Operaciones,Activo
srv-KfmG-0217,160.204.228.182,Debian 11,8,Operaciones,Activo
srv-cRCJ-0218,5.48.225.205,Ubuntu 22.04,2,RRHH,Mantenimiento
srv-bVoC-0219,187.157.71.17,Windows Server 2022,4,Logística,Degradado
srv-TpHU-0220,136.231.191.125,Ubuntu 20.04,2,Finanzas,Activo
srv-HOdG-0221,43.142.121.93,Windows Server 2019,16,IT,Activo
srv-pygu-0222,3.253.96.146,CentOS 7,64,Logística,Degradado
srv-xwOR-0223,140.236.148.200,Debian 11,8,Marketing,Mantenimiento
srv-RvHT-0224,26.173.10.73,CentOS 8,4,Finanzas,Degradado
srv-qxVd-0225,190.183.233.179,Windows Server 2019,8,Logística,Mantenimiento
srv-TvMZ-0226,1.88.240.129,CentOS 7,16,Marketing,Activo
srv-jldk-0227,121.93.171.65,Windows Server 2019,32,Marketing,Mantenimiento
srv-pbiZ-0228,79.126.216.150,Debian 11,4,Finanzas,Mantenimiento
srv-CyHg-0229,86.145.87.170,CentOS 7,32,Operaciones,Mantenimiento
srv-LbhX-0230,221.2.93.155,Debian 11,8,Seguridad,Mantenimiento
srv-GVfx-0231,58.123.144.156,Ubuntu 22.04,8,IT,Activo
srv-jTal-0232,79.46.111.72,Ubuntu 22.04,16,Logística,Mantenimiento
srv-vEUO-0233,18.205.136.64,CentOS 8,16,Logística,Degradado
srv-UOrW-0234,91.251.153.98,Windows Server 2019,8,RRHH,Activo
srv-WqeW-0235,138.68.167.178,Ubuntu 20.04,8,Operaciones,Mantenimiento
srv-wGHs-0236,82.171.144.129,CentOS 7,32,Finanzas,Mantenimiento
srv-yxQx-0237,121.108.41.96,CentOS 7,16,Finanzas,Degradado
srv-ZGRF-0238,40.66.204.249,Debian 11,32,Operaciones,Activo
srv-ixGr-0239,221.200.209.228,Windows Server 2022,2,Desarrollo,Degradado
srv-QgOS-0240,20.175.220.204,Ubuntu 22.04,64,IT,Degradado
srv-mSTQ-0241,59.135.128.211,CentOS 8,4,Desarrollo,Activo
srv-hUkZ-0242,156.168.121.172,Debian 11,4,Finanzas,Activo
srv-pbja-0243,79.200.105.46,Ubuntu 20.04,2,Finanzas,Degradado
srv-AHlo-0244,202.44.171.190,Ubuntu 20.04,64,Operaciones,Activo
srv-efAL-0245,51.96.31.112,Debian 11,4,IT,Mantenimiento
srv-SPLp-0246,3.171.128.164,Debian 11,4,Seguridad,Degradado
srv-FzVp-0247,116.19.147.81,Ubuntu 20.04,32,Operaciones,Mantenimiento
srv-rLBp-0248,115.142.171.78,Debian 11,4,Finanzas,Degradado
srv-PMRV-0249,152.231.89.79,Ubuntu 22.04,4,Finanzas,Mantenimiento
srv-mTdZ-0250,80.34.129.58,CentOS 7,4,Logística,Mantenimiento
srv-sIHO-0251,169.116.108.136,CentOS 7,2,Marketing,Mantenimiento
srv-epIL-0252,131.26.153.40,CentOS 8,16,RRHH,Mantenimiento
srv-MwNv-0253,39.143.217.243,Ubuntu 20.04,2,Marketing,Activo
srv-BWhi-0254,10.227.130.10,Debian 11,8,Seguridad,Degradado
srv-jZzk-0255,169.190.107.1,Windows Server 2022,16,Finanzas,Degradado
srv-oaQr-0256,209.36.251.178,CentOS 8,2,Operaciones,Mantenimiento
srv-Qjqu-0257,73.163.3.116,Ubuntu 20.04,2,RRHH,Degradado
srv-BOWn-0258,113.239.99.142,Windows Server 2022,32,Logística,Degradado
srv-iWrm-0259,19.2.149.37,CentOS 8,32,Desarrollo,Mantenimiento
srv-YvpC-0260,48.180.127.0,CentOS 7,16,Marketing,Degradado
srv-WWOR-0261,93.212.203.118,CentOS 8,16,Finanzas,Activo
srv-RBfu-0262,205.106.99.180,Ubuntu 22.04,4,Finanzas,Degradado
srv-FloZ-0263,90.235.58.164,Windows Server 2019,32,Logística,Degradado
srv-jDhX-0264,146.73.118.172,Windows Server 2019,16,Operaciones,Degradado
srv-tEmp-0265,27.23.142.31,Ubuntu 20.04,32,Desarrollo,Degradado
srv-eunx-0266,24.77.168.110,Windows Server 2022,2,Operaciones,Mantenimiento
srv-LXXm-0267,118.66.231.222,Debian 11,64,Seguridad,Degradado
srv-EXGl-0268,1.61.148.213,Windows Server 2022,8,Desarrollo,Mantenimiento
srv-Ohme-0269,81.166.153.95,Windows Server 2019,16,RRHH,Degradado
srv-dXiU-0270,117.121.32.53,Ubuntu 22.04,2,Marketing,Degradado
srv-jznl-0271,50.53.43.124,CentOS 7,4,Desarrollo,Activo
srv-Admi-0272,206.22.92.98,Ubuntu 20.04,2,Desarrollo,Mantenimiento
srv-HOXx-0273,77.65.141.151,Ubuntu 22.04,32,Desarrollo,Mantenimiento
srv-rJcV-0274,46.208.75.27,Ubuntu 22.04,2,Seguridad,Activo
srv-cMFP-0275,46.15.68.190,CentOS 7,2,Logística,Activo
srv-IffB-0276,69.201.138.111,CentOS 7,16,Desarrollo,Degradado
srv-ZGcn-0277,28.216.70.82,CentOS 8,64,RRHH,Degradado
srv-WuBQ-0278,134.25.22.127,Windows Server 2019,8,Seguridad,Mantenimiento
srv-VPiL-0279,92.252.193.138,Ubuntu 22.04,64,Logística,Activo
srv-YcKw-0280,182.41.154.93,Ubuntu 20.04,8,Seguridad,Mantenimiento
srv-qYYY-0281,218.220.150.206,Windows Server 2022,16,Desarrollo,Activo
srv-dZWU-0282,129.99.49.189,CentOS 8,32,Marketing,Mantenimiento
srv-FTfF-0283,87.38.102.55,Ubuntu 20.04,8,RRHH,Mantenimiento
srv-kBLg-0284,48.86.74.229,Windows Server 2022,16,IT,Activo
srv-UPso-0285,118.177.130.221,Windows Server 2019,8,IT,Mantenimiento
srv-Rjkn-0286,123.240.216.134,Debian 11,16,Marketing,Degradado
srv-TArg-0287,157.230.241.243,Debian 11,64,Desarrollo,Degradado
srv-IqJP-0288,77.0.148.164,Debian 11,8,Finanzas,Activo
srv-zZmG-0289,124.115.63.22,Debian 11,8,IT,Mantenimiento
srv-WnPt-0290,67.9.68.206,Windows Server 2022,4,Marketing,Mantenimiento
srv-kvyQ-0291,94.26.40.172,Windows Server 2019,32,RRHH,Activo
srv-kEtI-0292,175.97.29.58,CentOS 8,4,Marketing,Activo
srv-GsvT-0293,117.174.47.214,Ubuntu 22.04,16,Seguridad,Mantenimiento
srv-UncB-0294,118.197.215.93,Windows Server 2022,8,Operaciones,Mantenimiento
srv-kHdp-0295,47.118.175.27,Debian 11,32,Operaciones,Activo
srv-YFPS-0296,140.81.240.86,Ubuntu 20.04,16,Operaciones,Activo
srv-Bdfr-0297,209.15.150.2,Windows Server 2022,2,Finanzas,Activo
srv-XboG-0298,144.94.247.221,CentOS 7,32,Operaciones,Activo
srv-SefV-0299,72.229.50.249,Windows Server 2022,4,Seguridad,Mantenimiento
srv-BMhU-0300,196.35.130.142,Debian 11,64,Operaciones,Mantenimiento
srv-WqOu-0301,138.187.60.0,Ubuntu 20.04,8,Operaciones,Activo
srv-gENu-0302,16.233.130.55,Windows Server 2022,32,Desarrollo,Degradado
srv-Julf-0303,111.163.233.100,CentOS 7,8,RRHH,Mantenimiento
srv-aTWm-0304,223.80.46.97,Windows Server 2022,4,Desarrollo,Activo
srv-aKbG-0305,189.108.15.175,Ubuntu 20.04,4,RRHH,Degradado
srv-tOFB-0306,218.165.131.253,Windows Server 2022,64,Finanzas,Activo
srv-jtFz-0307,40.61.141.191,Windows Server 2022,32,Seguridad,Mantenimiento
srv-JuFW-0308,128.73.64.122,Windows Server 2022,16,Desarrollo,Mantenimiento
srv-zJEH-0309,214.12.233.215,Debian 11,16,IT,Activo
srv-lHEN-0310,164.142.221.69,Ubuntu 22.04,32,RRHH,Activo
srv-dcgK-0311,124.97.248.42,Debian 11,32,Operaciones,Activo
srv-LoIJ-0312,143.77.157.227,CentOS 7,64,Logística,Activo
srv-NxON-0313,92.71.50.14,Ubuntu 20.04,16,Marketing,Mantenimiento
srv-XwFv-0314,173.98.20.181,Ubuntu 20.04,2,Seguridad,Degradado
srv-xlLl-0315,130.227.116.134,Windows Server 2022,4,Desarrollo,Mantenimiento
srv-EAVH-0316,70.136.150.233,Ubuntu 20.04,8,RRHH,Degradado
srv-dUTR-0317,196.19.188.103,Ubuntu 22.04,32,Marketing,Mantenimiento
srv-zSmW-0318,116.105.27.73,Ubuntu 22.04,4,Operaciones,Degradado
srv-SChK-0319,49.79.72.6,CentOS 8,4,Logística,Activo
srv-gcNY-0320,212.243.221.243,CentOS 7,2,Finanzas,Mantenimiento
srv-jDRd-0321,25.219.143.63,Debian 11,2,Logística,Activo
srv-oDru-0322,147.203.1.74,Ubuntu 22.04,64,Marketing,Degradado
srv-PQSW-0323,184.11.169.160,Ubuntu 22.04,8,Logística,Mantenimiento
srv-EzUE-0324,74.16.27.112,Ubuntu 22.04,4,Operaciones,Mantenimiento
srv-xsNs-0325,213.163.84.9,Windows Server 2019,4,RRHH,Mantenimiento
srv-vIGK-0326,117.179.181.239,Ubuntu 20.04,8,Desarrollo,Mantenimiento
srv-FQrg-0327,167.39.121.136,Ubuntu 22.04,32,Desarrollo,Activo
srv-gmSD-0328,128.141.77.106,Ubuntu 20.04,8,IT,Mantenimiento
srv-FKiV-0329,146.49.188.169,Debian 11,16,Finanzas,Activo
srv-xSVv-0330,111.247.251.167,Ubuntu 22.04,16,Marketing,Degradado
srv-NXNV-0331,140.55.105.255,CentOS 8,8,Operaciones,Degradado
srv-riNS-0332,191.30.63.44,Ubuntu 22.04,32,Seguridad,Activo
srv-UOrG-0333,6.61.91.137,Windows Server 2022,64,Marketing,Mantenimiento
srv-kXdz-0334,91.116.27.250,Debian 11,16,Marketing,Degradado
srv-TDpH-0335,204.18.15.21,Debian 11,16,Operaciones,Activo
srv-xOkZ-0336,123.64.144.75,Ubuntu 20.04,32,IT,Activo
srv-DpaR-0337,195.119.140.227,Windows Server 2022,64,IT,Degradado
srv-budW-0338,46.183.205.101,CentOS 7,4,RRHH,Mantenimiento
srv-xitv-0339,138.83.141.210,CentOS 8,2,Desarrollo,Activo
srv-HfwW-0340,47.206.37.233,Debian 11,8,Seguridad,Mantenimiento
srv-VAhw-0341,160.84.20.170,CentOS 7,4,IT,Activo
srv-ZXHr-0342,190.84.144.98,Debian 11,64,Finanzas,Activo
srv-TxeR-0343,121.57.105.54,Windows Server 2019,64,Desarrollo,Degradado
srv-KMtW-0344,130.44.234.75,CentOS 8,64,RRHH,Activo
srv-lOqH-0345,89.198.144.204,Debian 11,4,IT,Mantenimiento
srv-KmGE-0346,17.178.92.134,Windows Server 2022,2,Operaciones,Activo
srv-fQKU-0347,143.81.128.229,Windows Server 2019,8,RRHH,Mantenimiento
srv-aAVM-0348,35.161.12.228,Ubuntu 22.04,4,Marketing,Activo
srv-HzSE-0349,120.42.34.212,Debian 11,16,Seguridad,Mantenimiento
srv-mFjm-0350,138.151.40.91,Debian 11,16,Operaciones,Degradado
srv-PXIK-0351,178.128.123.241,Ubuntu 22.04,64,Logística,Mantenimiento
srv-zSlj-0352,118.167.180.148,Ubuntu 22.04,8,Operaciones,Activo
srv-NWKW-0353,98.183.209.22,Windows Server 2022,32,Desarrollo,Degradado
srv-eZeD-0354,59.39.13.185,Debian 11,16,IT,Degradado
srv-vrDU-0355,187.146.31.200,Ubuntu 22.04,64,Finanzas,Activo
srv-jESo-0356,25.249.186.211,Ubuntu 20.04,2,Logística,Activo
srv-UPUc-0357,24.227.197.34,Windows Server 2019,16,Marketing,Degradado
srv-bVEA-0358,81.159.176.253,Windows Server 2019,4,Marketing,Degradado
srv-ilYZ-0359,96.234.87.170,Ubuntu 22.04,64,IT,Degradado
srv-JirB-0360,47.106.192.250,Ubuntu 20.04,2,Seguridad,Mantenimiento
srv-JRIy-0361,206.19.246.143,CentOS 7,16,IT,Degradado
srv-ePWC-0362,6.241.174.19,Windows Server 2022,4,Marketing,Activo
srv-SmMi-0363,150.88.21.90,Ubuntu 22.04,2,Logística,Mantenimiento
srv-ATjC-0364,207.241.93.222,Debian 11,4,IT,Activo
srv-YOsM-0365,164.221.15.14,Windows Server 2022,8,IT,Activo
srv-kJXi-0366,208.121.193.229,CentOS 7,2,IT,Degradado
srv-XsmJ-0367,219.143.34.146,Ubuntu 22.04,2,IT,Mantenimiento
srv-AJCS-0368,149.51.18.182,Ubuntu 22.04,4,Seguridad,Mantenimiento
srv-ICFy-0369,76.92.158.25,Windows Server 2022,2,Desarrollo,Mantenimiento
srv-JzaX-0370,196.200.15.19,Windows Server 2022,2,Operaciones,Degradado
srv-WTnz-0371,206.111.94.199,Windows Server 2019,8,Logística,Mantenimiento
srv-tzpG-0372,169.89.12.194,Windows Server 2022,16,IT,Mantenimiento
srv-WQpu-0373,188.99.0.121,Debian 11,32,Seguridad,Activo
srv-pASF-0374,102.182.154.68,Ubuntu 22.04,32,Finanzas,Degradado
srv-mHUs-0375,126.58.137.47,CentOS 7,64,Logística,Degradado
srv-aNkh-0376,213.32.249.16,Debian 11,4,Logística,Degradado
srv-CVic-0377,2.199.255.127,Ubuntu 20.04,2,Logística,Mantenimiento
srv-CgMo-0378,22.180.19.82,CentOS 7,8,IT,Activo
srv-wSyX-0379,86.138.183.139,CentOS 7,64,Finanzas,Activo
srv-spEQ-0380,187.196.157.166,CentOS 8,2,Operaciones,Mantenimiento
srv-xKOP-0381,82.190.222.33,Ubuntu 22.04,64,IT,Activo
srv-DEvr-0382,203.238.118.159,Debian 11,16,Logística,Activo
srv-ZOlE-0383,103.250.90.107,Ubuntu 20.04,32,Operaciones,Activo
srv-ltfm-0384,89.8.23.112,CentOS 8,8,Logística,Activo
srv-hHMI-0385,103.160.76.228,Ubuntu 22.04,2,Operaciones,Degradado
srv-Davf-0386,38.127.20.250,Debian 11,2,IT,Mantenimiento
srv-xkIa-0387,149.11.192.9,Windows Server 2022,64,Desarrollo,Degradado
srv-biZI-0388,207.220.117.202,CentOS 8,16,Logística,Activo
srv-TraT-0389,107.211.137.35,Ubuntu 20.04,2,Logística,Degradado
srv-ZptG-0390,154.126.120.108,CentOS 7,4,Seguridad,Degradado
srv-rwmV-0391,223.192.224.201,CentOS 7,32,Operaciones,Degradado
srv-GDnR-0392,115.177.137.84,CentOS 8,8,RRHH,Mantenimiento
srv-MoHn-0393,66.95.180.127,Ubuntu 22.04,64,Finanzas,Degradado
srv-bvGW-0394,70.202.57.39,Ubuntu 20.04,64,Logística,Degradado
srv-DVkQ-0395,93.122.102.166,Ubuntu 20.04,32,Logística,Mantenimiento
srv-DYTW-0396,171.54.246.129,Debian 11,64,Operaciones,Mantenimiento
srv-lJgr-0397,48.253.14.51,Debian 11,8,Logística,Degradado
srv-UKzs-0398,89.119.61.31,Windows Server 2019,2,IT,Mantenimiento
srv-FCXI-0399,205.105.220.235,Ubuntu 22.04,8,Finanzas,Degradado
srv-ncNq-0400,132.36.76.53,Debian 11,64,IT,Degradado
srv-ioOz-0401,157.164.55.96,Windows Server 2019,8,IT,Degradado
srv-lCph-0402,138.94.107.53,Ubuntu 20.04,8,Marketing,Degradado
srv-iWms-0403,24.85.42.7,Ubuntu 22.04,2,Desarrollo,Degradado
srv-dBfM-0404,66.134.17.106,Ubuntu 22.04,16,Seguridad,Mantenimiento
srv-pIWb-0405,69.92.167.63,Windows Server 2019,32,RRHH,Mantenimiento
srv-qcyP-0406,111.136.81.108,Ubuntu 20.04,32,Seguridad,Activo
srv-qZNE-0407,141.134.147.204,CentOS 7,16,RRHH,Degradado
srv-zgSH-0408,191.168.40.203,CentOS 7,64,Seguridad,Mantenimiento
srv-fjYE-0409,94.91.30.49,Debian 11,4,Operaciones,Mantenimiento
srv-dbcg-0410,48.18.188.150,CentOS 7,2,Finanzas,Mantenimiento
srv-hnMI-0411,74.29.253.109,CentOS 7,64,Logística,Degradado
srv-eFDB-0412,44.234.65.157,CentOS 7,16,Marketing,Mantenimiento
srv-eyiR-0413,126.128.119.16,Ubuntu 22.04,16,Operaciones,Mantenimiento
srv-qlqs-0414,151.4.215.176,Debian 11,8,Operaciones,Mantenimiento
srv-AxGF-0415,204.69.84.58,Windows Server 2019,64,RRHH,Mantenimiento
srv-XRfh-0416,185.98.197.166,Debian 11,8,Finanzas,Degradado
srv-pkFj-0417,106.33.130.181,Debian 11,2,Marketing,Activo
srv-QfBJ-0418,113.24.107.134,Windows Server 2019,32,RRHH,Degradado
srv-XZTD-0419,11.202.51.234,Windows Server 2022,2,Desarrollo,Mantenimiento
srv-rqvn-0420,132.88.121.81,CentOS 7,32,Finanzas,Degradado
srv-pARv-0421,103.100.196.224,Ubuntu 20.04,8,Logística,Mantenimiento
srv-FUSP-0422,43.126.43.69,CentOS 7,8,IT,Degradado
srv-CFSq-0423,91.169.154.232,Ubuntu 20.04,8,Seguridad,Degradado
srv-zVAg-0424,110.139.92.82,Ubuntu 22.04,2,Logística,Activo
srv-xbJt-0425,220.223.246.128,Ubuntu 20.04,16,Operaciones,Degradado
srv-RnUG-0426,189.86.118.255,Debian 11,8,Desarrollo,Activo
srv-AbXl-0427,77.137.26.130,Windows Server 2022,8,Logística,Mantenimiento
srv-sZFl-0428,142.113.33.173,CentOS 7,64,Marketing,Degradado
srv-zniW-0429,120.181.209.23,Windows Server 2022,2,RRHH,Activo
srv-ajvi-0430,205.212.219.92,CentOS 8,16,Marketing,Mantenimiento
srv-oxCy-0431,110.205.17.206,Windows Server 2019,8,Finanzas,Activo
srv-Ohvh-0432,207.12.143.179,Ubuntu 22.04,16,IT,Mantenimiento
srv-zEjS-0433,17.188.184.161,Windows Server 2022,2,Seguridad,Degradado
srv-bzji-0434,214.113.119.184,Ubuntu 20.04,32,Seguridad,Degradado
srv-jRTt-0435,114.47.50.41,Windows Server 2019,64,IT,Mantenimiento
srv-hVAd-0436,217.153.90.118,Ubuntu 22.04,4,RRHH,Mantenimiento
srv-vbwd-0437,221.233.59.12,Ubuntu 20.04,4,Desarrollo,Degradado
srv-wFGY-0438,60.20.111.116,CentOS 7,8,Logística,Degradado
srv-beto-0439,94.226.150.200,Windows Server 2022,32,IT,Degradado
srv-BHlo-0440,83.123.217.237,Ubuntu 20.04,2,Desarrollo,Mantenimiento
srv-bJey-0441,105.38.246.73,Ubuntu 20.04,2,Logística,Degradado
srv-Vzkx-0442,58.78.79.173,Ubuntu 20.04,2,IT,Activo
srv-ekFW-0443,110.79.170.240,CentOS 8,2,RRHH,Activo
srv-cWZI-0444,143.133.193.213,Ubuntu 20.04,64,IT,Activo
srv-QfGy-0445,7.211.41.157,CentOS 8,2,Marketing,Mantenimiento
srv-Igta-0446,47.216.71.150,Ubuntu 22.04,8,Marketing,Degradado
srv-hdDe-0447,111.191.146.124,Debian 11,64,Operaciones,Degradado
srv-GOzW-0448,215.220.206.248,Ubuntu 22.04,4,Finanzas,Activo
srv-zRWo-0449,140.67.205.155,CentOS 7,2,RRHH,Degradado
srv-lgkz-0450,84.184.64.128,Windows Server 2019,64,Finanzas,Mantenimiento
srv-FCee-0451,174.73.60.190,Windows Server 2019,2,RRHH,Mantenimiento
srv-GDzB-0452,168.109.225.192,CentOS 8,32,Finanzas,Activo
srv-ucbq-0453,222.14.113.173,CentOS 7,8,Finanzas,Activo
srv-XlBJ-0454,85.246.47.135,Ubuntu 22.04,32,Desarrollo,Mantenimiento
srv-ohUN-0455,63.241.90.226,Debian 11,32,IT,Activo
srv-Ajqn-0456,180.136.171.213,Windows Server 2022,16,Operaciones,Degradado
srv-kkiS-0457,15.174.188.27,CentOS 8,64,Operaciones,Degradado
srv-TwtX-0458,109.82.198.224,CentOS 8,32,Logística,Activo
srv-SrRj-0459,71.209.93.203,Ubuntu 20.04,4,IT,Degradado
srv-AmcJ-0460,16.141.18.119,CentOS 8,16,Seguridad,Mantenimiento
srv-zAeS-0461,124.41.162.211,CentOS 8,64,Desarrollo,Degradado
srv-YqDS-0462,86.122.19.80,Ubuntu 20.04,32,Marketing,Activo
srv-RMfb-0463,174.150.25.24,Ubuntu 20.04,8,Finanzas,Mantenimiento
srv-lNIB-0464,152.237.156.47,Windows Server 2022,8,IT,Mantenimiento
srv-IBPo-0465,133.69.110.182,CentOS 8,2,Desarrollo,Degradado
srv-bZRF-0466,82.87.37.183,Ubuntu 20.04,32,Seguridad,Mantenimiento
srv-QEpr-0467,23.126.120.42,Windows Server 2022,4,Marketing,Mantenimiento
srv-YiZC-0468,207.253.2.83,CentOS 8,8,Desarrollo,Degradado
srv-Tnqv-0469,128.3.254.41,Debian 11,32,Finanzas,Mantenimiento
srv-PWrS-0470,110.55.236.24,Debian 11,8,Operaciones,Activo
srv-WKfi-0471,204.52.4.145,Windows Server 2019,32,Finanzas,Mantenimiento
srv-fDQJ-0472,112.133.129.248,Ubuntu 20.04,16,IT,Degradado
srv-XtDl-0473,206.152.79.246,CentOS 7,2,Finanzas,Degradado
srv-RuBQ-0474,85.102.187.109,Ubuntu 22.04,4,Marketing,Degradado
srv-TLmA-0475,15.219.83.9,Debian 11,32,Desarrollo,Degradado
srv-mWyB-0476,83.71.141.229,CentOS 7,8,Operaciones,Activo
srv-DIBw-0477,36.61.76.186,Ubuntu 20.04,64,RRHH,Activo
srv-rIix-0478,169.140.25.140,Windows Server 2022,64,Finanzas,Activo
srv-hUIL-0479,204.151.212.82,CentOS 7,16,Seguridad,Mantenimiento
srv-JTRh-0480,173.132.106.77,Ubuntu 20.04,2,Logística,Mantenimiento
srv-puIx-0481,56.44.193.162,Windows Server 2019,2,Logística,Activo
srv-qVcE-0482,43.54.7.41,Windows Server 2022,2,Seguridad,Degradado
srv-xLdp-0483,124.39.129.86,Ubuntu 22.04,16,Desarrollo,Mantenimiento
srv-XUDw-0484,214.146.152.57,Debian 11,32,RRHH,Degradado
srv-SuHn-0485,194.218.192.113,Windows Server 2019,64,Logística,Mantenimiento
srv-wnem-0486,96.44.10.156,Debian 11,16,Seguridad,Activo
srv-dFQc-0487,154.241.193.50,Ubuntu 20.04,64,Desarrollo,Activo
srv-qNLC-0488,31.167.71.96,CentOS 7,32,RRHH,Degradado
srv-lYZq-0489,208.36.212.79,Ubuntu 22.04,2,IT,Activo
srv-hiXS-0490,149.77.108.229,Ubuntu 22.04,8,Logística,Degradado
srv-kduI-0491,221.55.96.120,CentOS 8,4,Operaciones,Mantenimiento
srv-CACR-0492,209.170.216.166,CentOS 7,16,Desarrollo,Degradado
srv-smqH-0493,17.99.161.90,Debian 11,8,Operaciones,Degradado
srv-YtPG-0494,42.9.102.177,CentOS 7,16,IT,Mantenimiento
srv-IRKa-0495,29.51.10.3,CentOS 7,16,RRHH,Mantenimiento
srv-ESOM-0496,141.40.63.100,Debian 11,2,Desarrollo,Degradado
srv-jDLA-0497,84.97.18.197,Windows Server 2019,4,RRHH,Degradado
srv-bgRv-0498,160.91.249.106,Windows Server 2019,8,Desarrollo,Activo
srv-ZBHf-0499,175.56.179.120,Ubuntu 22.04,8,Desarrollo,Mantenimiento
srv-Alpe-0500,36.38.247.62,Ubuntu 22.04,32,Logística,Degradado
srv-JPaj-0501,140.119.111.130,Windows Server 2019,4,Marketing,Degradado
srv-AZrw-0502,150.33.251.100,Windows Server 2019,8,Desarrollo,Degradado
srv-PPFI-0503,201.97.229.191,Debian 11,2,Logística,Activo
srv-dMtU-0504,223.234.149.130,Debian 11,4,Marketing,Degradado
srv-HGeN-0505,29.77.232.43,Debian 11,32,Operaciones,Degradado
srv-tPSj-0506,120.43.221.153,Windows Server 2019,2,Desarrollo,Mantenimiento
srv-Sksd-0507,71.80.154.127,CentOS 7,64,RRHH,Degradado
srv-IdkF-0508,223.98.68.143,CentOS 8,4,Finanzas,Activo
srv-icft-0509,32.81.141.111,Ubuntu 20.04,16,Logística,Activo
srv-KvDU-0510,185.62.217.119,Windows Server 2022,4,Finanzas,Activo
srv-UCHw-0511,121.30.172.56,Windows Server 2019,32,Seguridad,Degradado
srv-guXK-0512,116.135.36.190,Ubuntu 20.04,2,Seguridad,Degradado
srv-KLyu-0513,17.178.204.4,Ubuntu 20.04,8,RRHH,Mantenimiento
srv-VfOu-0514,90.30.61.206,Ubuntu 20.04,8,Finanzas,Mantenimiento
srv-iFEj-0515,24.165.95.51,CentOS 7,4,Finanzas,Degradado
srv-osdr-0516,117.253.177.165,Ubuntu 20.04,8,Finanzas,Mantenimiento
srv-VrTh-0517,149.121.119.97,Windows Server 2022,16,IT,Mantenimiento
srv-txrh-0518,148.143.229.251,Windows Server 2022,8,Seguridad,Mantenimiento
srv-IENl-0519,64.172.57.187,CentOS 7,8,Finanzas,Mantenimiento
srv-hgFu-0520,208.228.53.192,Windows Server 2019,64,IT,Degradado
srv-DIxV-0521,33.129.126.46,CentOS 8,16,Seguridad,Degradado
srv-RJHu-0522,47.17.198.94,CentOS 7,16,Finanzas,Degradado
srv-rVho-0523,98.46.152.110,Windows Server 2019,4,Seguridad,Activo
srv-cBJZ-0524,81.9.193.115,Windows Server 2019,64,Logística,Activo
srv-DNMc-0525,154.232.211.110,Debian 11,2,Finanzas,Activo
srv-wyhw-0526,203.165.175.131,CentOS 8,64,Finanzas,Activo
srv-fwPR-0527,46.224.101.36,Ubuntu 20.04,4,Operaciones,Mantenimiento
srv-QqyP-0528,76.75.194.60,Debian 11,64,Seguridad,Activo
srv-LjdU-0529,46.46.47.167,Ubuntu 20.04,16,Operaciones,Mantenimiento
srv-KuMI-0530,139.148.241.209,CentOS 8,16,Seguridad,Mantenimiento
srv-Rhwq-0531,34.16.13.209,Windows Server 2022,2,Finanzas,Activo
srv-RmlA-0532,88.107.66.225,CentOS 7,2,Finanzas,Mantenimiento
srv-PVQg-0533,86.93.61.52,Debian 11,4,Finanzas,Mantenimiento
srv-KTUJ-0534,64.135.247.195,CentOS 7,4,Marketing,Mantenimiento
srv-kOqE-0535,188.209.198.26,Windows Server 2022,16,Desarrollo,Activo
srv-dkKC-0536,222.89.204.131,CentOS 8,64,Desarrollo,Activo
srv-HJVs-0537,222.151.89.134,Windows Server 2022,64,Marketing,Degradado
srv-UDRM-0538,107.20.15.136,Ubuntu 20.04,8,RRHH,Degradado
srv-ZEtq-0539,46.218.193.145,CentOS 8,64,Logística,Mantenimiento
srv-UrZT-0540,179.119.104.233,Windows Server 2022,64,Desarrollo,Mantenimiento
srv-yFdV-0541,157.42.87.18,CentOS 7,64,Seguridad,Degradado
srv-mQJw-0542,75.162.104.199,CentOS 7,8,Desarrollo,Degradado
srv-JcnO-0543,168.194.7.189,Windows Server 2022,4,Operaciones,Activo
srv-udRI-0544,43.59.68.211,Ubuntu 22.04,8,Operaciones,Degradado
srv-RqtN-0545,183.67.248.183,Windows Server 2019,2,IT,Activo
srv-aljq-0546,121.236.254.239,Windows Server 2022,16,RRHH,Degradado
srv-cZLh-0547,32.28.238.49,Debian 11,32,RRHH,Mantenimiento
srv-mxbZ-0548,97.237.102.4,CentOS 8,32,Logística,Mantenimiento
srv-RyPZ-0549,222.65.86.54,Debian 11,32,Desarrollo,Mantenimiento
srv-acZJ-0550,118.199.146.66,Ubuntu 22.04,32,RRHH,Degradado
srv-ARva-0551,117.60.96.145,Ubuntu 22.04,2,Desarrollo,Activo
srv-PbXk-0552,51.79.237.51,Debian 11,4,Seguridad,Activo
srv-MZlV-0553,105.193.106.75,Ubuntu 20.04,4,Logística,Mantenimiento
srv-zqnN-0554,56.198.151.105,Windows Server 2022,64,Finanzas,Activo
srv-UXrL-0555,37.187.142.247,Windows Server 2019,8,Logística,Activo
srv-gWtc-0556,198.156.243.67,CentOS 8,64,IT,Mantenimiento
srv-jlAZ-0557,37.44.12.61,CentOS 8,64,IT,Degradado
srv-Scdi-0558,84.121.211.232,CentOS 8,8,Finanzas,Mantenimiento
srv-CsxX-0559,71.244.93.162,CentOS 7,8,Operaciones,Degradado
srv-JwSP-0560,48.189.68.195,Debian 11,64,Seguridad,Activo
srv-XCPH-0561,142.213.10.110,Debian 11,64,IT,Mantenimiento
srv-dVBl-0562,117.155.101.103,CentOS 7,8,Operaciones,Mantenimiento
srv-Aiwc-0563,124.17.223.163,Debian 11,8,Finanzas,Degradado
srv-qhXi-0564,17.218.79.204,CentOS 7,64,RRHH,Mantenimiento
srv-KDxz-0565,36.113.104.153,CentOS 7,16,Desarrollo,Activo
srv-GlBQ-0566,178.101.169.69,Debian 11,16,Operaciones,Activo
srv-ByJx-0567,192.72.111.76,Windows Server 2019,32,Finanzas,Degradado
srv-rLXk-0568,139.90.214.243,Debian 11,2,RRHH,Degradado
srv-TKNw-0569,30.103.245.169,CentOS 7,32,IT,Degradado
srv-wCJe-0570,4.192.124.176,Ubuntu 22.04,32,Finanzas,Activo
srv-BHHB-0571,26.223.217.31,Ubuntu 22.04,8,Seguridad,Activo
srv-xeac-0572,29.247.43.80,Ubuntu 22.04,4,RRHH,Mantenimiento
srv-sclC-0573,165.48.93.96,Windows Server 2022,4,Operaciones,Degradado
srv-oYjP-0574,9.22.8.14,CentOS 7,16,Operaciones,Mantenimiento
srv-TGyr-0575,26.107.249.200,Windows Server 2022,64,RRHH,Activo
srv-pUiT-0576,81.100.5.80,Ubuntu 22.04,2,Logística,Degradado
srv-GNhn-0577,18.89.142.59,Windows Server 2019,4,Finanzas,Mantenimiento
srv-OXnZ-0578,164.82.139.156,Windows Server 2019,2,Seguridad,Mantenimiento
srv-SWHK-0579,74.83.144.126,Ubuntu 22.04,32,IT,Mantenimiento
srv-Dred-0580,209.75.158.190,Windows Server 2019,64,RRHH,Degradado
srv-MgzX-0581,22.138.48.95,CentOS 7,32,Marketing,Activo
srv-zkcc-0582,101.162.95.137,CentOS 8,2,Logística,Degradado
srv-kJGo-0583,132.108.178.42,Ubuntu 20.04,16,IT,Degradado
srv-fTUl-0584,8.35.157.103,CentOS 8,16,Marketing,Degradado
srv-PCdD-0585,81.28.131.244,Windows Server 2019,4,Seguridad,Degradado
srv-GZlz-0586,193.148.124.9,Windows Server 2022,16,Finanzas,Activo
srv-JXer-0587,211.148.9.208,CentOS 7,16,Operaciones,Degradado
srv-dAPL-0588,3.228.91.77,Windows Server 2022,2,Operaciones,Mantenimiento
srv-EFTJ-0589,56.236.84.134,Ubuntu 22.04,64,IT,Degradado
srv-PUZX-0590,191.164.142.56,Debian 11,32,Finanzas,Activo
srv-oBap-0591,209.76.7.81,CentOS 8,64,Desarrollo,Activo
srv-pBsp-0592,129.227.50.11,CentOS 8,32,Logística,Degradado
srv-nHDK-0593,62.74.170.156,Windows Server 2019,4,IT,Mantenimiento
srv-CuMw-0594,173.142.211.209,Ubuntu 20.04,64,RRHH,Activo
srv-fVCE-0595,37.93.252.156,CentOS 7,2,RRHH,Mantenimiento
srv-wAMb-0596,86.22.255.156,Debian 11,32,Operaciones,Degradado
srv-boSG-0597,164.139.61.53,Windows Server 2022,16,Marketing,Activo
srv-XYXM-0598,95.159.199.100,Windows Server 2022,64,Logística,Activo
srv-daUe-0599,184.212.32.110,CentOS 7,32,Logística,Mantenimiento
srv-FzZR-0600,193.55.107.168,Ubuntu 22.04,4,Desarrollo,Mantenimiento
srv-kPGC-0601,3.153.87.50,Debian 11,8,IT,Degradado
srv-tsEQ-0602,102.2.240.66,Windows Server 2022,8,RRHH,Degradado
srv-ovdI-0603,180.164.37.202,Debian 11,8,Seguridad,Degradado
srv-ykYj-0604,7.153.153.234,CentOS 7,8,Operaciones,Mantenimiento
srv-BxUf-0605,11.208.117.37,CentOS 7,8,Logística,Mantenimiento
srv-OGxm-0606,161.91.79.93,Ubuntu 22.04,8,IT,Mantenimiento
srv-vGWf-0607,154.165.125.119,Windows Server 2022,64,Seguridad,Mantenimiento
srv-eCWs-0608,129.189.50.226,CentOS 7,8,Operaciones,Mantenimiento
srv-jyXQ-0609,18.218.113.89,Debian 11,8,Desarrollo,Activo
srv-RMWH-0610,121.81.71.92,Windows Server 2022,4,Marketing,Degradado
srv-WqxE-0611,161.237.178.198,Ubuntu 20.04,32,Marketing,Activo
srv-SPcT-0612,38.142.80.115,Ubuntu 20.04,16,Seguridad,Degradado
srv-qgkt-0613,182.106.179.227,CentOS 8,16,Finanzas,Mantenimiento
srv-Zyul-0614,116.241.12.189,CentOS 7,64,Finanzas,Activo
srv-cJdB-0615,119.3.0.83,Debian 11,64,IT,Degradado
srv-TVtr-0616,90.3.127.22,Windows Server 2019,8,IT,Activo
srv-lLyC-0617,98.176.102.89,Windows Server 2019,16,IT,Mantenimiento
srv-Tasa-0618,172.254.18.196,CentOS 7,64,Logística,Mantenimiento
srv-xoPL-0619,218.238.255.110,Ubuntu 20.04,16,Desarrollo,Degradado
srv-FCgj-0620,137.187.173.199,CentOS 7,64,Finanzas,Degradado
srv-PaQZ-0621,222.127.194.155,CentOS 7,8,Desarrollo,Mantenimiento
srv-bAuP-0622,12.178.253.217,Ubuntu 22.04,8,Operaciones,Activo
srv-ldjH-0623,149.1.33.158,Windows Server 2019,2,Finanzas,Activo
srv-LGSY-0624,62.53.205.217,Debian 11,4,IT,Mantenimiento
srv-QJKe-0625,183.108.179.114,Windows Server 2022,16,Seguridad,Degradado
srv-EXvJ-0626,189.1.77.42,Debian 11,4,RRHH,Mantenimiento
srv-bToG-0627,158.112.241.232,Windows Server 2019,16,Seguridad,Degradado
srv-ZWno-0628,108.31.131.130,Ubuntu 22.04,16,Seguridad,Degradado
srv-FAzF-0629,72.167.20.24,Windows Server 2022,2,RRHH,Activo
srv-UvXG-0630,45.215.55.121,Ubuntu 22.04,4,IT,Mantenimiento
srv-LAGX-0631,147.163.177.116,Ubuntu 22.04,4,Desarrollo,Activo
srv-aNKd-0632,85.250.6.97,CentOS 7,32,Desarrollo,Mantenimiento
srv-IMrT-0633,177.169.150.79,CentOS 8,8,Seguridad,Mantenimiento
srv-jLaB-0634,162.100.90.236,Windows Server 2022,32,Marketing,Mantenimiento
srv-KYDy-0635,189.107.142.116,Ubuntu 22.04,2,Operaciones,Degradado
srv-afVc-0636,101.111.15.165,CentOS 7,4,IT,Mantenimiento
srv-HGqY-0637,105.180.169.172,CentOS 7,8,RRHH,Mantenimiento
srv-Lkpp-0638,206.84.157.128,Debian 11,2,RRHH,Degradado
srv-bZQd-0639,49.71.211.48,Windows Server 2022,4,Marketing,Activo
srv-mtjA-0640,67.250.80.88,CentOS 8,8,Operaciones,Activo
srv-xrbg-0641,85.100.22.250,CentOS 8,16,Marketing,Mantenimiento
srv-JKaa-0642,167.185.134.135,Debian 11,32,Operaciones,Mantenimiento
srv-IoNw-0643,17.92.111.179,Ubuntu 20.04,32,RRHH,Mantenimiento
srv-XOeI-0644,35.198.71.180,CentOS 7,32,Finanzas,Activo
srv-eEdT-0645,46.38.230.96,Ubuntu 20.04,8,Marketing,Activo
srv-lrIP-0646,72.49.138.73,Ubuntu 20.04,2,Logística,Mantenimiento
srv-FKPG-0647,26.184.88.242,Windows Server 2019,16,Marketing,Mantenimiento
srv-tkrO-0648,162.72.7.127,Windows Server 2019,4,RRHH,Activo
srv-XkOd-0649,18.176.131.127,Ubuntu 20.04,4,Finanzas,Degradado
srv-pnfH-0650,90.30.17.154,Windows Server 2019,64,IT,Mantenimiento
srv-EsVq-0651,100.234.119.185,Ubuntu 20.04,4,Operaciones,Degradado
srv-KJbK-0652,138.20.181.20,Windows Server 2022,64,Operaciones,Mantenimiento
srv-Impx-0653,106.77.247.233,CentOS 7,32,Seguridad,Degradado
srv-DFTB-0654,85.81.173.245,CentOS 7,16,Desarrollo,Mantenimiento
srv-rXAq-0655,86.236.211.252,Debian 11,8,RRHH,Mantenimiento
srv-yqsi-0656,58.127.55.235,Ubuntu 20.04,64,Seguridad,Mantenimiento
srv-wbso-0657,220.61.81.217,CentOS 7,2,IT,Mantenimiento
srv-SbnJ-0658,13.38.224.93,Windows Server 2019,2,Desarrollo,Mantenimiento
srv-UaIl-0659,114.83.234.119,Ubuntu 22.04,8,Desarrollo,Mantenimiento
srv-jWgf-0660,6.178.202.99,CentOS 8,32,Operaciones,Degradado
srv-Xttc-0661,111.148.208.136,Windows Server 2019,8,Logística,Degradado
srv-UKUd-0662,145.76.40.230,Ubuntu 20.04,16,IT,Degradado
srv-usGy-0663,16.198.246.8,Debian 11,2,RRHH,Degradado
srv-WNpO-0664,107.92.245.31,Ubuntu 22.04,2,RRHH,Mantenimiento
srv-Rhzu-0665,23.132.178.231,Ubuntu 20.04,64,RRHH,Activo
srv-bjIs-0666,78.194.4.158,CentOS 7,2,Marketing,Degradado
srv-BGdu-0667,144.57.177.108,Windows Server 2022,2,Logística,Degradado
srv-CCIn-0668,92.241.69.31,Windows Server 2022,8,Logística,Mantenimiento
srv-Twpr-0669,171.226.147.28,Ubuntu 22.04,2,RRHH,Degradado
srv-oFUp-0670,37.104.134.209,Windows Server 2022,32,IT,Activo
srv-kxdW-0671,220.230.202.86,Debian 11,16,Seguridad,Activo
srv-UqlZ-0672,43.255.124.247,CentOS 8,32,Finanzas,Mantenimiento
srv-lXhd-0673,86.154.80.174,CentOS 7,32,Marketing,Mantenimiento
srv-PYeZ-0674,134.168.109.17,Windows Server 2019,64,RRHH,Degradado
srv-zuaf-0675,10.108.184.92,Debian 11,8,Marketing,Mantenimiento
srv-mEJs-0676,4.237.178.138,Ubuntu 22.04,4,Finanzas,Mantenimiento
srv-ZxiX-0677,185.171.255.96,Debian 11,64,Finanzas,Mantenimiento
srv-zwAM-0678,64.33.195.255,Debian 11,32,Desarrollo,Degradado
srv-JZxv-0679,120.94.145.223,Windows Server 2019,64,Marketing,Activo
srv-byae-0680,102.18.95.192,Ubuntu 22.04,8,Logística,Degradado
srv-MyPu-0681,210.154.77.210,Ubuntu 20.04,64,Logística,Activo
srv-GKnh-0682,54.134.141.196,Windows Server 2019,32,Operaciones,Mantenimiento
srv-Juml-0683,22.170.40.138,Windows Server 2022,2,Finanzas,Degradado
srv-JHXA-0684,3.13.86.174,Ubuntu 22.04,4,RRHH,Activo
srv-VDeJ-0685,22.65.254.145,Windows Server 2022,4,IT,Mantenimiento
srv-yGvs-0686,183.15.68.173,CentOS 7,64,Finanzas,Mantenimiento
srv-PpPj-0687,218.96.105.213,Ubuntu 22.04,8,Operaciones,Degradado
srv-Czeo-0688,78.148.206.196,Windows Server 2019,32,Desarrollo,Mantenimiento
srv-aDeA-0689,31.253.139.228,Ubuntu 20.04,8,Desarrollo,Degradado
srv-TMJY-0690,139.196.88.51,CentOS 8,2,IT,Degradado
srv-jHSf-0691,30.32.28.11,Windows Server 2022,2,Operaciones,Activo
srv-MxCb-0692,18.34.240.89,Ubuntu 22.04,64,Marketing,Mantenimiento
srv-Fskv-0693,3.100.105.214,CentOS 8,2,Seguridad,Degradado
srv-gfsA-0694,88.252.162.152,CentOS 7,2,Operaciones,Activo
srv-tYTO-0695,42.75.176.163,Debian 11,32,RRHH,Degradado
srv-SaIg-0696,49.49.121.178,Windows Server 2022,8,Seguridad,Mantenimiento
srv-fdST-0697,184.254.234.38,Windows Server 2019,16,IT,Mantenimiento
srv-rBSV-0698,160.214.43.45,Ubuntu 20.04,32,IT,Activo
srv-nxpM-0699,45.15.80.197,Ubuntu 20.04,32,Marketing,Degradado
srv-zZxs-0700,34.85.235.142,CentOS 8,16,Operaciones,Activo
srv-kkua-0701,64.181.37.93,CentOS 7,64,Operaciones,Degradado
srv-DXYt-0702,147.29.189.230,Windows Server 2019,8,IT,Degradado
srv-kUnZ-0703,33.249.92.40,Debian 11,8,Marketing,Mantenimiento
srv-WPPW-0704,177.4.124.244,Ubuntu 22.04,32,Finanzas,Activo
srv-ujrm-0705,154.236.131.233,Windows Server 2019,16,Seguridad,Activo
srv-eJXj-0706,49.188.116.156,Ubuntu 20.04,4,Seguridad,Mantenimiento
srv-zLGT-0707,136.223.180.229,Windows Server 2022,64,Desarrollo,Mantenimiento
srv-EuUJ-0708,59.155.32.10,Windows Server 2019,8,Marketing,Mantenimiento
srv-CsoT-0709,76.23.138.193,CentOS 7,2,RRHH,Degradado
srv-goxS-0710,169.22.54.212,Windows Server 2022,2,Finanzas,Degradado
srv-vQgY-0711,105.29.180.164,Windows Server 2022,2,Marketing,Degradado
srv-Zufq-0712,209.227.85.254,Debian 11,4,Logística,Mantenimiento
srv-FXZS-0713,205.97.214.174,CentOS 8,64,Marketing,Activo
srv-KESf-0714,202.169.78.138,Ubuntu 22.04,2,RRHH,Activo
srv-yWIf-0715,150.37.65.171,CentOS 8,2,Finanzas,Degradado
srv-OtbV-0716,147.251.71.141,Windows Server 2022,2,Desarrollo,Degradado
srv-luPK-0717,85.79.234.72,Debian 11,64,Seguridad,Activo
srv-FrZo-0718,26.211.136.27,CentOS 8,2,Seguridad,Mantenimiento
srv-BkoY-0719,140.23.3.170,Windows Server 2022,16,Operaciones,Activo
srv-cLhQ-0720,95.0.236.6,Debian 11,4,IT,Mantenimiento
srv-ccWH-0721,105.138.138.141,CentOS 8,32,Logística,Degradado
srv-zFCx-0722,125.12.57.84,Ubuntu 22.04,2,Desarrollo,Mantenimiento
srv-PhWG-0723,76.220.207.37,Debian 11,4,Logística,Degradado
srv-jruv-0724,175.235.241.26,Ubuntu 22.04,2,Finanzas,Degradado
srv-DWUs-0725,136.62.202.226,Debian 11,2,Marketing,Mantenimiento
srv-YYak-0726,123.201.75.30,Ubuntu 20.04,64,RRHH,Degradado
srv-pOiy-0727,67.191.211.188,CentOS 8,2,Desarrollo,Degradado
srv-rWxS-0728,104.108.51.233,Windows Server 2019,64,Desarrollo,Mantenimiento
srv-SGti-0729,15.156.159.67,CentOS 7,2,Marketing,Degradado
srv-ZXsM-0730,87.190.182.112,Ubuntu 22.04,16,Finanzas,Mantenimiento
srv-sPFX-0731,194.4.233.227,Windows Server 2019,2,IT,Activo
srv-tVbf-0732,19.178.28.101,Windows Server 2022,16,RRHH,Activo
srv-vluK-0733,179.104.32.51,Windows Server 2019,8,Marketing,Activo
srv-Bgct-0734,76.212.21.159,Ubuntu 22.04,4,Finanzas,Mantenimiento
srv-TaKb-0735,44.244.111.8,Ubuntu 20.04,2,Marketing,Degradado
srv-wYSv-0736,160.253.72.48,Debian 11,4,RRHH,Mantenimiento
srv-kXbX-0737,12.124.218.12,Ubuntu 22.04,2,Desarrollo,Mantenimiento
srv-qqLa-0738,102.35.43.170,Ubuntu 20.04,2,Finanzas,Activo
srv-WmcI-0739,118.5.17.11,Ubuntu 20.04,2,Finanzas,Degradado
srv-LzxU-0740,43.153.72.165,Ubuntu 22.04,2,IT,Degradado
srv-toRC-0741,151.114.107.68,Ubuntu 22.04,4,Seguridad,Degradado
srv-BfSo-0742,74.75.161.4,CentOS 8,4,IT,Degradado
srv-hEqn-0743,145.237.90.39,Windows Server 2019,64,Desarrollo,Activo
srv-WzEl-0744,58.172.228.239,Windows Server 2019,8,Logística,Mantenimiento
srv-KDEn-0745,140.193.21.131,Ubuntu 20.04,2,RRHH,Mantenimiento
srv-IGLg-0746,191.157.210.122,Debian 11,2,IT,Activo
srv-OEYP-0747,195.48.187.137,CentOS 7,16,Operaciones,Mantenimiento
srv-PSXt-0748,116.129.13.129,Windows Server 2019,2,Logística,Mantenimiento
srv-srlG-0749,205.170.78.184,Ubuntu 22.04,8,Seguridad,Degradado
srv-wnbb-0750,111.100.19.247,Windows Server 2019,4,RRHH,Mantenimiento
srv-UIxX-0751,84.178.179.233,Windows Server 2019,8,Seguridad,Activo
srv-UMHz-0752,97.160.85.250,Windows Server 2019,64,Finanzas,Activo
srv-ZTGG-0753,112.219.21.223,Debian 11,8,Desarrollo,Mantenimiento
srv-TfGa-0754,175.108.235.125,CentOS 7,64,Logística,Activo
srv-FJVu-0755,112.175.174.162,Debian 11,2,Finanzas,Degradado
srv-zElc-0756,97.142.230.0,Ubuntu 20.04,16,Marketing,Degradado
srv-Itoi-0757,96.157.144.174,Debian 11,8,Logística,Activo
srv-UPJW-0758,152.207.211.66,CentOS 7,16,Marketing,Degradado
srv-Syqw-0759,173.204.167.136,CentOS 8,2,Marketing,Activo
srv-wjun-0760,46.239.0.235,Ubuntu 22.04,8,Marketing,Activo
srv-fybe-0761,145.108.63.250,Windows Server 2022,64,Seguridad,Mantenimiento
srv-TcMM-0762,149.232.80.242,Debian 11,64,Desarrollo,Mantenimiento
srv-OwTA-0763,131.166.252.149,Windows Server 2022,4,Operaciones,Activo
srv-emTK-0764,144.167.7.176,Windows Server 2019,4,RRHH,Mantenimiento
srv-bYSM-0765,150.206.149.62,Ubuntu 22.04,2,Finanzas,Degradado
srv-oqlr-0766,149.21.200.86,Debian 11,32,RRHH,Degradado
srv-eKEU-0767,38.68.195.30,Ubuntu 22.04,32,Operaciones,Degradado
srv-sYqm-0768,215.146.142.192,Debian 11,4,Finanzas,Mantenimiento
srv-chMY-0769,214.49.117.198,Windows Server 2019,4,Desarrollo,Degradado
srv-nZKp-0770,27.240.1.116,Ubuntu 22.04,8,RRHH,Mantenimiento
srv-Aqua-0771,178.42.13.114,CentOS 7,4,Marketing,Mantenimiento
srv-MEpw-0772,129.253.197.67,Ubuntu 22.04,16,Finanzas,Activo
srv-lNcJ-0773,182.160.228.166,Windows Server 2022,2,Operaciones,Mantenimiento
srv-MPkd-0774,213.96.89.68,Windows Server 2019,32,IT,Mantenimiento
srv-tlZh-0775,123.253.66.76,Windows Server 2022,64,Logística,Mantenimiento
srv-DIxi-0776,131.54.52.42,Debian 11,2,Seguridad,Degradado
srv-JNUd-0777,192.8.23.1,Ubuntu 22.04,64,IT,Degradado
srv-YaYy-0778,223.105.222.175,Ubuntu 20.04,2,Logística,Activo
srv-xVeZ-0779,135.21.69.237,CentOS 7,8,Operaciones,Degradado
srv-DoUF-0780,143.40.132.241,Debian 11,4,Seguridad,Degradado
srv-UMzO-0781,198.90.27.63,Windows Server 2019,2,Marketing,Degradado
srv-YDDi-0782,75.113.22.87,CentOS 8,64,Marketing,Mantenimiento
srv-wdZt-0783,169.226.92.131,Windows Server 2019,4,Desarrollo,Activo
srv-ISTW-0784,155.235.85.4,Debian 11,2,Finanzas,Degradado
srv-xDyu-0785,221.215.172.192,CentOS 8,16,Logística,Degradado
srv-lakN-0786,19.197.38.13,Windows Server 2019,2,Seguridad,Degradado
srv-VPSC-0787,172.81.164.117,CentOS 7,32,IT,Degradado
srv-eudh-0788,118.184.79.88,CentOS 8,64,Finanzas,Activo
srv-UQDm-0789,31.254.94.226,CentOS 8,8,IT,Activo
srv-LHGo-0790,23.46.212.223,Ubuntu 20.04,4,Seguridad,Degradado
srv-UFiS-0791,49.191.159.64,CentOS 8,16,Desarrollo,Mantenimiento
srv-kGtg-0792,71.108.250.216,Windows Server 2022,8,Operaciones,Degradado
srv-RKkR-0793,131.14.69.14,Windows Server 2022,32,Desarrollo,Degradado
srv-CRag-0794,69.201.242.85,CentOS 8,2,Finanzas,Degradado
srv-LZIK-0795,125.2.155.53,Windows Server 2019,8,Operaciones,Degradado
srv-wZGz-0796,24.199.198.118,Windows Server 2022,32,Operaciones,Degradado
srv-EQeT-0797,178.76.101.63,CentOS 8,2,IT,Degradado
srv-pHiQ-0798,51.170.136.180,Ubuntu 22.04,16,Desarrollo,Activo
srv-KmPP-0799,145.131.117.223,Windows Server 2022,2,Logística,Mantenimiento
srv-HlCf-0800,115.244.72.15,CentOS 7,32,Marketing,Activo
srv-fkCZ-0801,48.27.247.37,CentOS 7,32,Logística,Mantenimiento
srv-tcnc-0802,194.75.206.61,Windows Server 2019,4,Operaciones,Activo
srv-LMXv-0803,158.199.145.210,Windows Server 2022,64,Marketing,Degradado
srv-pOUq-0804,105.166.9.94,Ubuntu 22.04,4,Seguridad,Mantenimiento
srv-JqQe-0805,148.78.50.248,CentOS 8,2,Operaciones,Degradado
srv-ldyd-0806,145.105.3.169,Ubuntu 22.04,16,Finanzas,Activo
srv-pjSi-0807,91.103.231.209,Ubuntu 22.04,16,Logística,Activo
srv-ntDj-0808,149.133.250.23,Ubuntu 22.04,8,Desarrollo,Activo
srv-Lulr-0809,150.130.191.95,Ubuntu 20.04,2,IT,Degradado
srv-mGeT-0810,186.74.190.54,Debian 11,64,Operaciones,Degradado
srv-DVlB-0811,17.73.189.206,Windows Server 2022,32,IT,Activo
srv-Hrni-0812,142.138.21.214,Windows Server 2022,2,Operaciones,Mantenimiento
srv-gIPk-0813,129.5.233.175,Ubuntu 20.04,4,Operaciones,Mantenimiento
srv-WLok-0814,64.75.35.56,Windows Server 2022,4,IT,Mantenimiento
srv-zuFm-0815,115.251.171.250,Ubuntu 22.04,32,Desarrollo,Degradado
srv-aOxW-0816,219.9.169.120,Ubuntu 20.04,2,Desarrollo,Degradado
srv-ezjY-0817,130.205.105.107,CentOS 8,8,RRHH,Degradado
srv-qELM-0818,215.50.93.79,Windows Server 2022,64,Operaciones,Degradado
srv-ROus-0819,107.167.159.106,Ubuntu 20.04,64,IT,Activo
srv-ogRl-0820,91.58.44.235,Ubuntu 20.04,64,RRHH,Mantenimiento
srv-bFwH-0821,215.98.225.94,Ubuntu 22.04,4,IT,Activo
srv-IDKR-0822,106.231.84.102,Debian 11,32,IT,Degradado
srv-AOGU-0823,119.168.211.13,Ubuntu 20.04,16,Desarrollo,Activo
srv-owsS-0824,131.100.139.26,CentOS 7,64,RRHH,Mantenimiento
srv-IXut-0825,22.170.199.147,Ubuntu 20.04,2,Logística,Degradado
srv-uSqD-0826,64.157.124.95,Ubuntu 20.04,4,Operaciones,Activo
srv-Dixn-0827,199.184.142.107,Ubuntu 20.04,16,Marketing,Mantenimiento
srv-qPwX-0828,26.4.211.163,CentOS 8,8,Desarrollo,Mantenimiento
srv-HtaT-0829,70.186.113.23,Ubuntu 22.04,8,Seguridad,Mantenimiento
srv-ondK-0830,37.222.231.162,Debian 11,4,Marketing,Degradado
srv-ceDD-0831,138.79.10.37,Windows Server 2019,64,Seguridad,Activo
srv-BeaV-0832,184.135.22.82,Windows Server 2022,32,RRHH,Mantenimiento
srv-mArB-0833,67.2.252.76,Ubuntu 20.04,16,Seguridad,Activo
srv-vIPB-0834,214.93.163.163,CentOS 7,8,Desarrollo,Activo
srv-oPhD-0835,61.99.23.63,Windows Server 2019,2,Logística,Mantenimiento
srv-resT-0836,119.215.127.229,Windows Server 2022,2,IT,Activo
srv-SdVq-0837,136.138.118.193,Windows Server 2019,2,Desarrollo,Mantenimiento
srv-oeOx-0838,164.33.245.146,Debian 11,32,Operaciones,Degradado
srv-DCbm-0839,88.134.2.51,Ubuntu 22.04,4,Marketing,Activo
srv-jSJj-0840,68.86.147.122,Windows Server 2022,8,Logística,Mantenimiento
srv-jAdt-0841,189.135.74.165,Ubuntu 20.04,4,Logística,Activo
srv-LGHr-0842,149.168.227.190,Ubuntu 20.04,4,Desarrollo,Activo
srv-APNy-0843,98.59.169.52,Windows Server 2019,2,Logística,Activo
srv-dLje-0844,44.54.90.40,CentOS 8,4,Logística,Activo
srv-oWST-0845,197.139.190.41,CentOS 8,16,Operaciones,Degradado
srv-WiTY-0846,57.64.113.31,Ubuntu 22.04,4,Desarrollo,Degradado
srv-LFeb-0847,207.95.15.89,CentOS 8,8,Seguridad,Activo
srv-OMqW-0848,37.193.39.90,Windows Server 2022,4,Logística,Degradado
srv-KwRq-0849,196.51.187.163,CentOS 8,2,RRHH,Mantenimiento
srv-JTwb-0850,192.153.129.114,Windows Server 2019,2,Seguridad,Mantenimiento
srv-uUEP-0851,20.16.184.105,CentOS 8,16,RRHH,Mantenimiento
srv-lYRc-0852,206.4.41.218,Ubuntu 20.04,32,Marketing,Activo
srv-jfvn-0853,133.55.202.99,Windows Server 2019,8,Desarrollo,Degradado
srv-WxWX-0854,97.251.204.71,Debian 11,8,Operaciones,Activo
srv-AYuC-0855,69.185.172.137,CentOS 8,32,Seguridad,Activo
srv-fDqV-0856,54.106.145.66,CentOS 7,32,Operaciones,Mantenimiento
srv-euBE-0857,90.128.41.19,Windows Server 2019,8,Finanzas,Degradado
srv-cRUq-0858,180.64.3.172,Windows Server 2019,64,Desarrollo,Activo
srv-ylwJ-0859,152.165.58.167,Windows Server 2022,32,RRHH,Activo
srv-RnYg-0860,191.173.198.90,Debian 11,64,IT,Activo
srv-QmQg-0861,24.185.66.178,Ubuntu 22.04,2,Operaciones,Activo
srv-VZAO-0862,163.151.39.249,CentOS 8,8,Marketing,Mantenimiento
srv-Feot-0863,87.166.84.130,Ubuntu 22.04,64,Seguridad,Activo
srv-Vnef-0864,204.121.178.188,Windows Server 2022,8,IT,Activo
srv-CsAh-0865,109.27.92.82,Ubuntu 20.04,32,IT,Degradado
srv-TEGU-0866,195.160.248.1,Windows Server 2019,32,RRHH,Degradado
srv-BQNG-0867,175.27.101.252,Windows Server 2022,32,Logística,Activo
srv-yqoc-0868,121.218.133.8,CentOS 7,8,Finanzas,Mantenimiento
srv-iweF-0869,166.255.200.217,Ubuntu 22.04,32,Marketing,Activo
srv-EGlu-0870,175.42.134.19,CentOS 8,4,Logística,Degradado
srv-RUsq-0871,135.229.28.175,Debian 11,64,IT,Activo
srv-LgSi-0872,223.47.45.76,Ubuntu 22.04,4,Seguridad,Mantenimiento
srv-mwva-0873,101.213.235.72,CentOS 7,32,Finanzas,Mantenimiento
srv-apHQ-0874,33.68.50.162,Ubuntu 20.04,64,Marketing,Activo
srv-cKmV-0875,37.237.87.100,CentOS 7,16,Marketing,Degradado
srv-fzaZ-0876,100.175.53.107,CentOS 7,32,Logística,Mantenimiento
srv-jWwa-0877,19.227.65.105,CentOS 7,64,Seguridad,Degradado
srv-vvCs-0878,200.199.8.159,Ubuntu 22.04,64,Marketing,Activo
srv-BPdq-0879,63.209.208.4,CentOS 7,32,Marketing,Activo
srv-Qvkr-0880,125.201.51.149,CentOS 8,64,Seguridad,Degradado
srv-hVDS-0881,220.156.230.227,Windows Server 2022,64,Seguridad,Degradado
srv-KvXu-0882,103.234.187.40,CentOS 7,64,Logística,Degradado
srv-ReNy-0883,7.59.70.45,CentOS 8,4,Marketing,Degradado
srv-aLXd-0884,177.112.150.148,CentOS 8,16,RRHH,Degradado
srv-rMBh-0885,122.73.80.55,Windows Server 2019,2,Finanzas,Mantenimiento
srv-DTkV-0886,219.240.99.112,Ubuntu 20.04,32,Marketing,Degradado
srv-MGpt-0887,180.36.108.212,Debian 11,32,Finanzas,Mantenimiento
srv-IBXJ-0888,98.37.246.225,Windows Server 2022,4,IT,Degradado
srv-HGqN-0889,123.55.108.98,CentOS 8,32,Seguridad,Activo
srv-vsiU-0890,45.155.133.59,Ubuntu 20.04,2,RRHH,Activo
srv-anAq-0891,9.214.194.178,Debian 11,8,Desarrollo,Mantenimiento
srv-LGUs-0892,30.26.80.55,Windows Server 2022,4,RRHH,Mantenimiento
srv-eEro-0893,182.184.30.0,CentOS 8,4,Seguridad,Degradado
srv-XHGn-0894,176.208.57.155,CentOS 7,64,Logística,Mantenimiento
srv-qulL-0895,200.122.212.185,Debian 11,16,RRHH,Degradado
srv-FxHD-0896,41.16.82.51,Windows Server 2019,8,RRHH,Mantenimiento
srv-hpmC-0897,107.67.157.194,Ubuntu 22.04,16,Marketing,Activo
srv-uMtw-0898,13.250.245.216,Windows Server 2022,2,Operaciones,Degradado
srv-jtKu-0899,92.118.223.68,Debian 11,8,Marketing,Activo
srv-VWMs-0900,137.237.100.182,Windows Server 2022,16,Logística,Degradado
srv-TWbt-0901,158.230.130.73,Debian 11,4,Finanzas,Activo
srv-jcAX-0902,71.159.73.113,Windows Server 2019,64,RRHH,Activo
srv-ERgZ-0903,107.219.208.7,CentOS 7,4,IT,Degradado
srv-ghnR-0904,217.48.56.200,Debian 11,4,IT,Degradado
srv-JHdW-0905,206.169.80.189,Ubuntu 22.04,32,Seguridad,Mantenimiento
srv-aFrL-0906,148.101.239.55,CentOS 8,4,RRHH,Activo
srv-Znhi-0907,116.103.218.95,CentOS 7,4,Seguridad,Activo
srv-UVSV-0908,88.126.91.188,CentOS 7,2,Logística,Mantenimiento
srv-Ayom-0909,209.244.194.163,CentOS 7,64,IT,Mantenimiento
srv-NsOW-0910,64.224.204.61,CentOS 8,8,Finanzas,Degradado
srv-pGUH-0911,203.135.90.184,Ubuntu 20.04,2,Logística,Activo
srv-LSdq-0912,159.204.230.14,CentOS 8,8,Desarrollo,Mantenimiento
srv-DzRa-0913,113.132.7.221,CentOS 8,64,Desarrollo,Activo
srv-qWYY-0914,174.35.71.154,CentOS 7,4,Finanzas,Mantenimiento
srv-fEad-0915,146.160.124.173,CentOS 8,4,Operaciones,Degradado
srv-uGkW-0916,18.246.204.21,Ubuntu 20.04,16,Marketing,Degradado
srv-eDyL-0917,119.27.83.218,Debian 11,64,Seguridad,Degradado
srv-VNmR-0918,125.116.161.133,Ubuntu 20.04,2,RRHH,Degradado
srv-vxmi-0919,130.92.83.46,Windows Server 2022,4,Finanzas,Degradado
srv-LpPp-0920,71.137.70.117,CentOS 8,4,Marketing,Degradado
srv-pRcu-0921,14.105.87.159,Ubuntu 20.04,8,Desarrollo,Mantenimiento
srv-gNFm-0922,113.63.32.125,CentOS 7,4,Operaciones,Degradado
srv-sKqj-0923,157.144.89.6,CentOS 8,16,Seguridad,Degradado
srv-qvWn-0924,55.200.197.134,CentOS 7,16,Desarrollo,Mantenimiento
srv-TiYM-0925,199.146.113.236,Debian 11,2,Desarrollo,Degradado
srv-kEsX-0926,212.25.138.211,CentOS 7,64,Seguridad,Activo
srv-zanU-0927,26.173.80.140,Windows Server 2019,64,Logística,Degradado
srv-oKRk-0928,58.17.37.70,Debian 11,64,Desarrollo,Mantenimiento
srv-YYbB-0929,160.214.124.187,Ubuntu 22.04,32,IT,Mantenimiento
srv-kVAL-0930,31.111.228.200,Ubuntu 20.04,8,Logística,Mantenimiento
srv-TqrG-0931,191.102.173.232,Ubuntu 20.04,4,Logística,Degradado
srv-nUdL-0932,149.187.222.174,Ubuntu 20.04,32,IT,Mantenimiento
srv-wZhV-0933,7.45.45.233,Ubuntu 20.04,16,Operaciones,Activo
srv-JtyR-0934,32.28.164.146,Ubuntu 22.04,64,IT,Activo
srv-igQH-0935,147.214.141.131,Ubuntu 22.04,8,Desarrollo,Degradado
srv-Wtxk-0936,29.26.39.231,Ubuntu 22.04,4,IT,Degradado
srv-WtUT-0937,44.235.61.251,Debian 11,2,Seguridad,Degradado
srv-EOrR-0938,61.29.93.107,CentOS 7,16,RRHH,Activo
srv-lxIe-0939,47.197.230.98,CentOS 7,32,IT,Mantenimiento
srv-kAFg-0940,54.211.112.93,Windows Server 2022,2,Operaciones,Degradado
srv-twNl-0941,4.199.92.198,Windows Server 2022,64,RRHH,Activo
srv-ESuO-0942,219.119.18.151,Windows Server 2019,8,Operaciones,Mantenimiento
srv-ETOL-0943,202.103.52.87,CentOS 7,64,Operaciones,Mantenimiento
srv-HdYV-0944,175.43.124.21,Windows Server 2019,2,Desarrollo,Degradado
srv-RlDP-0945,40.201.213.63,CentOS 7,16,Finanzas,Activo
srv-jipw-0946,139.1.86.3,CentOS 7,4,Seguridad,Mantenimiento
srv-rFWf-0947,3.2.2.78,Windows Server 2019,2,Desarrollo,Mantenimiento
srv-YwwW-0948,4.250.142.2,Windows Server 2019,64,Logística,Degradado
srv-SSsj-0949,112.96.143.148,Ubuntu 22.04,16,Seguridad,Degradado
srv-XXhY-0950,98.85.202.197,Windows Server 2019,2,IT,Activo
srv-Sywy-0951,42.254.149.211,CentOS 8,2,Logística,Mantenimiento
srv-OzjJ-0952,147.19.99.66,Debian 11,32,Seguridad,Degradado
srv-KZVJ-0953,181.148.10.3,Ubuntu 20.04,32,IT,Mantenimiento
srv-zEex-0954,151.73.31.119,CentOS 8,32,Operaciones,Degradado
srv-TWxC-0955,53.138.155.116,Ubuntu 20.04,4,Marketing,Degradado
srv-iXwO-0956,70.134.194.66,Windows Server 2019,4,Desarrollo,Mantenimiento
srv-zVpZ-0957,20.197.227.206,CentOS 7,64,RRHH,Activo
srv-zItU-0958,88.176.243.117,CentOS 7,64,Desarrollo,Degradado
srv-ukWt-0959,156.102.239.121,Ubuntu 20.04,2,Desarrollo,Mantenimiento
srv-yQGi-0960,18.105.154.179,CentOS 8,2,Marketing,Degradado
srv-pEyU-0961,204.154.202.120,Windows Server 2022,64,Finanzas,Degradado
srv-PVMT-0962,208.89.201.64,Ubuntu 22.04,8,Finanzas,Activo
srv-ZRlI-0963,10.70.66.186,Windows Server 2022,16,Finanzas,Degradado
srv-GgOO-0964,50.68.38.92,Windows Server 2022,32,Marketing,Activo
srv-biSW-0965,171.51.63.145,Debian 11,4,IT,Degradado
srv-rNWz-0966,47.229.13.122,Ubuntu 22.04,16,Seguridad,Mantenimiento
srv-rWfb-0967,15.204.174.60,Ubuntu 20.04,2,Finanzas,Mantenimiento
srv-oftv-0968,213.198.49.199,CentOS 7,16,Logística,Degradado
srv-deOk-0969,153.49.236.121,Ubuntu 22.04,8,Operaciones,Mantenimiento
srv-ssmR-0970,32.96.234.239,Ubuntu 20.04,8,Logística,Degradado
srv-PLTL-0971,78.58.86.31,Windows Server 2019,64,Operaciones,Activo
srv-ScbH-0972,153.212.210.62,Ubuntu 22.04,64,Seguridad,Activo
srv-bgWF-0973,161.253.211.8,Ubuntu 20.04,2,Logística,Degradado
srv-JEyE-0974,7.213.199.52,CentOS 8,8,Logística,Degradado
srv-eGUV-0975,156.203.100.210,CentOS 8,16,Marketing,Mantenimiento
srv-veNe-0976,60.152.215.225,Windows Server 2022,4,Finanzas,Activo
srv-osJk-0977,94.161.6.140,Debian 11,8,Marketing,Activo
srv-JLpT-0978,167.3.11.183,CentOS 8,16,Marketing,Mantenimiento
srv-tBNx-0979,149.176.232.246,Debian 11,8,Logística,Activo
srv-ReKx-0980,212.234.162.233,CentOS 7,64,Marketing,Activo
srv-dqxp-0981,155.228.179.139,Debian 11,4,Logística,Activo
srv-RwNz-0982,180.83.23.33,CentOS 8,8,RRHH,Activo
srv-snYo-0983,19.3.13.160,Ubuntu 20.04,8,Desarrollo,Degradado
srv-tcna-0984,178.32.188.23,Debian 11,2,IT,Mantenimiento
srv-ippS-0985,56.119.105.198,CentOS 8,16,RRHH,Degradado
srv-lsyu-0986,17.200.205.153,Windows Server 2019,16,Finanzas,Activo
srv-pWlp-0987,74.55.248.208,CentOS 8,8,IT,Activo
srv-tSzH-0988,174.200.71.101,Windows Server 2022,2,Desarrollo,Mantenimiento
srv-hvxm-0989,86.243.14.89,Windows Server 2022,4,Desarrollo,Degradado
srv-qdtD-0990,54.228.12.135,Windows Server 2022,64,Finanzas,Degradado
srv-Rnlj-0991,77.86.239.47,CentOS 8,32,Marketing,Activo
srv-QkqE-0992,204.0.209.158,Windows Server 2022,16,IT,Activo
srv-wFMB-0993,183.105.138.148,Windows Server 2019,64,RRHH,Activo
srv-IBKT-0994,24.239.130.222,CentOS 8,2,IT,Mantenimiento
srv-fcWO-0995,44.191.250.159,Windows Server 2022,2,Finanzas,Activo
srv-jIZd-0996,177.181.170.70,Windows Server 2022,2,Desarrollo,Degradado
srv-cfVr-0997,82.198.166.208,CentOS 8,64,Logística,Activo
srv-CJvb-0998,145.247.240.91,CentOS 7,2,Desarrollo,Degradado
srv-NzJh-0999,207.220.54.7,Windows Server 2022,16,RRHH,Mantenimiento
